appid,game
109600,Neverwinter
307690,Sleeping Dogs: Definitive Edition
10090,Call of Duty: World at War
625960,Stoneshard
314160,Microsoft Flight Simulator X: Steam Edition
860510,Little Nightmares II
427410,Abiotic Factor
1455840,Dorfromantik
834530,Yakuza Kiwami
113200,The Binding of Isaac
704850,Thief Simulator
1259420,Days Gone
346900,AdVenture Capitalist
975370,Dwarf Fortress
289650,Assassin's Creed Unity
35450,Red Orchestra 2: Heroes of Stalingrad with Rising Storm
1465360,SnowRunner
403640,Dishonored 2
24010,Train Simulator Classic
47890,The Sims 3
304050,Trove
200210,Realm of the Mad God Exalt
954740,Terminator: Resistance
736220,Squad 44
1084600,My Time at Sandrock
3017860,DOOM: The Dark Ages
273110,Counter-Strike Nexon: Studio
41700,S.T.A.L.K.E.R.: Call of Pripyat
690790,DiRT Rally 2.0
204300,Awesomenauts
